lag,lm_stat,lm_pvalue,f_stat,f_pvalue
5,43.544712708204315,2.8653071703554203e-08,9.238494644356345,1.6401898637661505e-08
10,45.979332574359944,1.4466563990451057e-06,4.861584384610583,8.83313777812269e-07
20,58.47322789254352,1.2237920883480726e-05,3.110136351893392,6.767208132008441e-06
