lookback,hidden_size,best_epoch,val_loss_scaled,MAE,RMSE,MAPE
10,32,38,0.014542088843882084,0.04037243460775061,0.05740776218987472,1.369079026648229
20,32,20,0.014955214224755764,0.04210550232187835,0.05821749963658019,1.432783150512139
10,16,31,0.015118837356567383,0.04163357294742172,0.058535107607751186,1.4157157349317633
30,32,26,0.015137745998799801,0.040679408191689095,0.058571702795876306,1.378368208921141
30,16,29,0.015474685467779636,0.041973312780015995,0.059219965725978194,1.4248612310944102
20,16,14,0.01563831977546215,0.04115798435077269,0.05953224957211473,1.3956690525716295
