,lb_stat,lb_pvalue
5,0.7138693889533996,0.9821988273881975
10,0.8790609373765782,0.9999050389983284
20,1.5678415408208586,0.999999988131205
