series,adf_stat,adf_pvalue,adf_5pct_critical
hy_oas,-2.858752786058849,0.05035903496864494,-2.8652383048736056
log_hy_oas,-2.6702587138497824,0.07932771521383797,-2.8652383048736056
diff_log_hy_oas,-25.99173652691672,0.0,-2.8652383048736056
